Workbook

Sheet Dashboard & Optimisation
A1: SIMULATION DE STOCKAGE D'ÉNERGIE THERMIQUE (TES) - CHAMBRE FROIDE 100 m³
A4: 1. PARAMÈTRES FIXES DE CONCEPTION | F4: 2. LOIS PHYSIQUES DE RÉFÉRENCE UTILISÉES
A5: Paramètre de Conception | B5: Valeur | C5: Unité | D5: Description physique | F5: Phénomène Physique | G5: Formule mathématique clé | H5: Pertinence et application technique
A6: Volume de la chambre froide | B6: 100 | C6: m³ | D6: Volume géométrique type | F6: Loi de Fourier (Conduction) | G6: q_cond = U * A * Delta_T | H6: Utilisée pour modéliser le transfert thermique à travers les parois isolantes en Polyuréthane de la chambre froide, ainsi que la conduction radiale à travers l'épaisseur de l'Aluminium.
A7: Longueur de la chambre | B7: 5 | C7: m | D7: Dimensions : 5.0m x 5.0m x 4.0m | F7: Loi de refroidissement de Newton (Convection) | G7: q_conv = h * A_eff * (T_air - T_pcm) | H7: Modélise le transfert convectif entre l'air de la chambre froide et la surface externe des cylindres MCP. Calcule l'impact de la ventilation forcée (ON, h=40) par rapport à la convection naturelle (OFF, h=8).
A8: Largeur de la chambre | B8: 5 | C8: m | D8: Surface au sol = 25 m² | F8: Équation de la chaleur latente | G8: Q = m_pcm * L_f | H8: Détermine la masse de MCP requise pour absorber le besoin frigorifique total cumulé sur la période d'autonomie cible (8 heures). m_pcm = Q_besoin / L_f.
A9: Hauteur de la chambre | B9: 4 | C9: m | D9: Hauteur sous plafond | F9: Équivalent Théorème de Sebbar (Infiltration d'air) | G9: q_inf = m_dot_air * Delta_h * D_open | H9: Modélise l'ouverture de porte comme un échange thermique massique dynamique. Le débit massique d'air entrant (m_dot_air) est gouverné par la différence de densité entre l'air intérieur froid et l'air extérieur chaud (tirage thermique gravitaire).
A10: Surface de l'enveloppe extérieure | B10: 130 | C10: m² | D10: Calculé d'après les dimensions | F10: Théorie des ailettes (Efficacité d'échange) | G10: eta_fin = tanh(m*L) / (m*L) | H10: Permet de calculer l'augmentation réelle de la capacité d'échange thermique externe et interne apportée par les ailettes en aluminium en tenant compte de leur résistance de conduction.
A11: Épaisseur isolant PU (+4°C) | B11: 100 | C11: mm | D11: Standard algérien pour froid positif
A12: Épaisseur isolant PU (-18°C) | B12: 200 | C12: mm | D12: Standard algérien pour froid négatif
A13: Conductivité thermique PU | B13: 0.022 | C13: W/m.K | D13: Conductivité du polyuréthane standard
A14: Conductivité de l'Aluminium | B14: 205 | C14: W/m.K | D14: Matériau enveloppe MCP
A15: Conductivité de la Paraffine (MCP) | B15: 0.2 | C15: W/m.K | D15: Matériau à changement de phase
A16: Chaleur latente Paraffine (L_f) | B16: 180 | C16: kJ/kg | D16: Énergie de changement de phase (180 kJ/kg)
A17: Masse volumique Paraffine (MCP) | B17: 850 | C17: kg/m³ | D17: Phase liquide/solide moyenne
A18: Autonomie cible requise | B18: 8 | C18: heures | D18: Heures de décharge sans compresseur
A19: Volume du stock stocké | B19: 20000 | C19: L | D19: Equivalent à 20 tonnes d'eau/produit
A20: Renouvellement stock par jour | B20: 10 | C20: % | D20: Turnover quotidien de marchandises
A21: Dimensions porte (L x H) | B21: 1.2 x 2.0 | C21: m | D21: Porte pivotante de service
A22: Ouvertures de porte par heure | B22: 4 | C22: fois/h | D22: Fréquence d'accès industrielle moyenne
A23: Durée d'ouverture moyenne | B23: 30 | C23: s | D23: Infiltration massique d'air extérieur
A24: Résistance de contact Époxy | B24: 0.0005 | C24: m².K/W | D24: Résistance thermique peinture
A27: 3. SYNTHÈSE DES CONFIGURATIONS OPTIMALES PAR SCÉNARIO
A28: *Note : L'optimum est identifié comme la configuration qui maximise le temps d'autonomie tout en optimisant l'efficacité totale et en limitant l'utilisation superflue de matière (Al/MCP).
A30: T. Cible (°C) | B30: T. Ext (°C) | C30: Dia. Cyl (mm) | D30: Ép. Al (mm) | E30: N. Ailettes | F30: Ép. Ail (mm) | G30: Peinture (µm) | H30: Ventilation | I30: Charge (W) | J30: Masse MCP (kg) | K30: Masse Al (kg) | L30: Autonomie (h) | M30: Eff. Totale (%) | N30: Score (h/kg)
A31: 4 | B31: 25 | C31: 80 | D31: 2 | E31: 4 | F31: 1.5 | G31: 50 | H31: ON | I31: 3671.0945 | J31: 587.37513 | K31: 326.73772 | L31: 8 | M31: 0.64256304 | N31: 0.013619916
A32: 4 | B32: 30 | C32: 80 | D32: 2 | E32: 4 | F32: 1.5 | G32: 50 | H32: ON | I32: 5081.5378 | J32: 813.04606 | K32: 452.27113 | L32: 8 | M32: 0.64256304 | N32: 0.009839541
A33: 4 | B33: 35 | C33: 80 | D33: 2 | E33: 4 | F33: 1.5 | G33: 50 | H33: ON | I33: 6742.8904 | J33: 1078.8625 | K33: 600.13618 | L33: 8 | M33: 0.64256304 | N33: 0.0074152176
A34: 4 | B34: 40 | C34: 80 | D34: 2 | E34: 4 | F34: 1.5 | G34: 50 | H34: ON | I34: 8721.7821 | J34: 1395.4851 | K34: 776.26309 | L34: 8 | M34: 0.64256304 | N34: 0.0057327734
A35: 4 | B35: 45 | C35: 80 | D35: 2 | E35: 4 | F35: 1.5 | G35: 50 | H35: ON | I35: 11107.246 | J35: 1777.1594 | K35: 988.57608 | L35: 8 | M35: 0.64256304 | N35: 0.0045015659
A36: -18 | B36: 25 | C36: 105 | D36: 2 | E36: 4 | F36: 1.5 | G36: 50 | H36: ON | I36: 8109.5099 | J36: 1297.5216 | K36: 519.64167 | L36: 8 | M36: 0.71403688 | N36: 0.0061656007
A37: -18 | B37: 30 | C37: 105 | D37: 2 | E37: 4 | F37: 1.5 | G37: 50 | H37: ON | I37: 9751.4571 | J37: 1560.2331 | K37: 624.85446 | L37: 8 | M37: 0.71403688 | N37: 0.0051274389
A38: -18 | B38: 35 | C38: 105 | D38: 2 | E38: 4 | F38: 1.5 | G38: 50 | H38: ON | I38: 11667.644 | J38: 1866.823 | K38: 747.63999 | L38: 8 | M38: 0.71403688 | N38: 0.0042853554
A39: -18 | B39: 40 | C39: 105 | D39: 2 | E39: 4 | F39: 1.5 | G39: 50 | H39: ON | I39: 13935.841 | J39: 2229.7346 | K39: 892.98168 | L39: 8 | M39: 0.71403688 | N39: 0.003587871
A40: -18 | B40: 45 | C40: 105 | D40: 2 | E40: 4 | F40: 1.5 | G40: 50 | H40: ON | I40: 16657.855 | J40: 2665.2568 | K40: 1067.403 | L40: 8 | M40: 0.71403688 | N40: 0.003001587

Sheet Graphes d'Interpolation
A1: GRAPHES ET TABLES D'INTERPOLATION DES PARAMÈTRES DE CONCEPTION
A4: 1. IMPACT DU DIAMÈTRE ET DES AILETTES SUR L'AUTONOMIE RÉELLE (heures)
A5: Nombre d'ailettes | B5: 80 | C5: 85 | D5: 90 | E5: 95 | F5: 100 | G5: 105 | H5: 110 | I5: 115 | J5: 120
A6: 0 Ailettes | B6: =AVERAGEIFS('Données de Simulation'!$T$2:$T$7201, 'Données de Simulation'!$A$2:$A$7201, -18, 'Données de Simulation'!$B$2:$B$7201, 35, 'Données de Simulation'!$C$2:$C$7201, B5, 'Données de Simulation'!$E$2:$E$7201, 0, 'Données de Simulation'!$G$2:$G$7201, 100, 'Données de Simulation'!$H$2:$H$7201, "ON", 'Données de Simulation'!$D$2:$D$7201, 2, 'Données de Simulation'!$F$2:$F$7201, 0.0) | C6: =AVERAGEIFS('Données de Simulation'!$T$2:$T$7201, 'Données de Simulation'!$A$2:$A$7201, -18, 'Données de Simulation'!$B$2:$B$7201, 35, 'Données de Simulation'!$C$2:$C$7201, C5, 'Données de Simulation'!$E$2:$E$7201, 0, 'Données de Simulation'!$G$2:$G$7201, 100, 'Données de Simulation'!$H$2:$H$7201, "ON", 'Données de Simulation'!$D$2:$D$7201, 2, 'Données de Simulation'!$F$2:$F$7201, 0.0) | D6: =AVERAGEIFS('Données de Simulation'!$T$2:$T$7201, 'Données de Simulation'!$A$2:$A$7201, -18, 'Données de Simulation'!$B$2:$B$7201, 35, 'Données de Simulation'!$C$2:$C$7201, D5, 'Données de Simulation'!$E$2:$E$7201, 0, 'Données de Simulation'!$G$2:$G$7201, 100, 'Données de Simulation'!$H$2:$H$7201, "ON", 'Données de Simulation'!$D$2:$D$7201, 2, 'Données de Simulation'!$F$2:$F$7201, 0.0) | E6: =AVERAGEIFS('Données de Simulation'!$T$2:$T$7201, 'Données de Simulation'!$A$2:$A$7201, -18, 'Données de Simulation'!$B$2:$B$7201, 35, 'Données de Simulation'!$C$2:$C$7201, E5, 'Données de Simulation'!$E$2:$E$7201, 0, 'Données de Simulation'!$G$2:$G$7201, 100, 'Données de Simulation'!$H$2:$H$7201, "ON", 'Données de Simulation'!$D$2:$D$7201, 2, 'Données de Simulation'!$F$2:$F$7201, 0.0) | F6: =AVERAGEIFS('Données de Simulation'!$T$2:$T$7201, 'Données de Simulation'!$A$2:$A$7201, -18, 'Données de Simulation'!$B$2:$B$7201, 35, 'Données de Simulation'!$C$2:$C$7201, F5, 'Données de Simulation'!$E$2:$E$7201, 0, 'Données de Simulation'!$G$2:$G$7201, 100, 'Données de Simulation'!$H$2:$H$7201, "ON", 'Données de Simulation'!$D$2:$D$7201, 2, 'Données de Simulation'!$F$2:$F$7201, 0.0) | G6: =AVERAGEIFS('Données de Simulation'!$T$2:$T$7201, 'Données de Simulation'!$A$2:$A$7201, -18, 'Données de Simulation'!$B$2:$B$7201, 35, 'Données de Simulation'!$C$2:$C$7201, G5, 'Données de Simulation'!$E$2:$E$7201, 0, 'Données de Simulation'!$G$2:$G$7201, 100, 'Données de Simulation'!$H$2:$H$7201, "ON", 'Données de Simulation'!$D$2:$D$7201, 2, 'Données de Simulation'!$F$2:$F$7201, 0.0) | H6: =AVERAGEIFS('Données de Simulation'!$T$2:$T$7201, 'Données de Simulation'!$A$2:$A$7201, -18, 'Données de Simulation'!$B$2:$B$7201, 35, 'Données de Simulation'!$C$2:$C$7201, H5, 'Données de Simulation'!$E$2:$E$7201, 0, 'Données de Simulation'!$G$2:$G$7201, 100, 'Données de Simulation'!$H$2:$H$7201, "ON", 'Données de Simulation'!$D$2:$D$7201, 2, 'Données de Simulation'!$F$2:$F$7201, 0.0) | I6: =AVERAGEIFS('Données de Simulation'!$T$2:$T$7201, 'Données de Simulation'!$A$2:$A$7201, -18, 'Données de Simulation'!$B$2:$B$7201, 35, 'Données de Simulation'!$C$2:$C$7201, I5, 'Données de Simulation'!$E$2:$E$7201, 0, 'Données de Simulation'!$G$2:$G$7201, 100, 'Données de Simulation'!$H$2:$H$7201, "ON", 'Données de Simulation'!$D$2:$D$7201, 2, 'Données de Simulation'!$F$2:$F$7201, 0.0) | J6: =AVERAGEIFS('Données de Simulation'!$T$2:$T$7201, 'Données de Simulation'!$A$2:$A$7201, -18, 'Données de Simulation'!$B$2:$B$7201, 35, 'Données de Simulation'!$C$2:$C$7201, J5, 'Données de Simulation'!$E$2:$E$7201, 0, 'Données de Simulation'!$G$2:$G$7201, 100, 'Données de Simulation'!$H$2:$H$7201, "ON", 'Données de Simulation'!$D$2:$D$7201, 2, 'Données de Simulation'!$F$2:$F$7201, 0.0)
A7: 4 Ailettes | B7: =AVERAGEIFS('Données de Simulation'!$T$2:$T$7201, 'Données de Simulation'!$A$2:$A$7201, -18, 'Données de Simulation'!$B$2:$B$7201, 35, 'Données de Simulation'!$C$2:$C$7201, B5, 'Données de Simulation'!$E$2:$E$7201, 4, 'Données de Simulation'!$G$2:$G$7201, 100, 'Données de Simulation'!$H$2:$H$7201, "ON", 'Données de Simulation'!$D$2:$D$7201, 2, 'Données de Simulation'!$F$2:$F$7201, 1.5) | C7: =AVERAGEIFS('Données de Simulation'!$T$2:$T$7201, 'Données de Simulation'!$A$2:$A$7201, -18, 'Données de Simulation'!$B$2:$B$7201, 35, 'Données de Simulation'!$C$2:$C$7201, C5, 'Données de Simulation'!$E$2:$E$7201, 4, 'Données de Simulation'!$G$2:$G$7201, 100, 'Données de Simulation'!$H$2:$H$7201, "ON", 'Données de Simulation'!$D$2:$D$7201, 2, 'Données de Simulation'!$F$2:$F$7201, 1.5) | D7: =AVERAGEIFS('Données de Simulation'!$T$2:$T$7201, 'Données de Simulation'!$A$2:$A$7201, -18, 'Données de Simulation'!$B$2:$B$7201, 35, 'Données de Simulation'!$C$2:$C$7201, D5, 'Données de Simulation'!$E$2:$E$7201, 4, 'Données de Simulation'!$G$2:$G$7201, 100, 'Données de Simulation'!$H$2:$H$7201, "ON", 'Données de Simulation'!$D$2:$D$7201, 2, 'Données de Simulation'!$F$2:$F$7201, 1.5) | E7: =AVERAGEIFS('Données de Simulation'!$T$2:$T$7201, 'Données de Simulation'!$A$2:$A$7201, -18, 'Données de Simulation'!$B$2:$B$7201, 35, 'Données de Simulation'!$C$2:$C$7201, E5, 'Données de Simulation'!$E$2:$E$7201, 4, 'Données de Simulation'!$G$2:$G$7201, 100, 'Données de Simulation'!$H$2:$H$7201, "ON", 'Données de Simulation'!$D$2:$D$7201, 2, 'Données de Simulation'!$F$2:$F$7201, 1.5) | F7: =AVERAGEIFS('Données de Simulation'!$T$2:$T$7201, 'Données de Simulation'!$A$2:$A$7201, -18, 'Données de Simulation'!$B$2:$B$7201, 35, 'Données de Simulation'!$C$2:$C$7201, F5, 'Données de Simulation'!$E$2:$E$7201, 4, 'Données de Simulation'!$G$2:$G$7201, 100, 'Données de Simulation'!$H$2:$H$7201, "ON", 'Données de Simulation'!$D$2:$D$7201, 2, 'Données de Simulation'!$F$2:$F$7201, 1.5) | G7: =AVERAGEIFS('Données de Simulation'!$T$2:$T$7201, 'Données de Simulation'!$A$2:$A$7201, -18, 'Données de Simulation'!$B$2:$B$7201, 35, 'Données de Simulation'!$C$2:$C$7201, G5, 'Données de Simulation'!$E$2:$E$7201, 4, 'Données de Simulation'!$G$2:$G$7201, 100, 'Données de Simulation'!$H$2:$H$7201, "ON", 'Données de Simulation'!$D$2:$D$7201, 2, 'Données de Simulation'!$F$2:$F$7201, 1.5) | H7: =AVERAGEIFS('Données de Simulation'!$T$2:$T$7201, 'Données de Simulation'!$A$2:$A$7201, -18, 'Données de Simulation'!$B$2:$B$7201, 35, 'Données de Simulation'!$C$2:$C$7201, H5, 'Données de Simulation'!$E$2:$E$7201, 4, 'Données de Simulation'!$G$2:$G$7201, 100, 'Données de Simulation'!$H$2:$H$7201, "ON", 'Données de Simulation'!$D$2:$D$7201, 2, 'Données de Simulation'!$F$2:$F$7201, 1.5) | I7: =AVERAGEIFS('Données de Simulation'!$T$2:$T$7201, 'Données de Simulation'!$A$2:$A$7201, -18, 'Données de Simulation'!$B$2:$B$7201, 35, 'Données de Simulation'!$C$2:$C$7201, I5, 'Données de Simulation'!$E$2:$E$7201, 4, 'Données de Simulation'!$G$2:$G$7201, 100, 'Données de Simulation'!$H$2:$H$7201, "ON", 'Données de Simulation'!$D$2:$D$7201, 2, 'Données de Simulation'!$F$2:$F$7201, 1.5) | J7: =AVERAGEIFS('Données de Simulation'!$T$2:$T$7201, 'Données de Simulation'!$A$2:$A$7201, -18, 'Données de Simulation'!$B$2:$B$7201, 35, 'Données de Simulation'!$C$2:$C$7201, J5, 'Données de Simulation'!$E$2:$E$7201, 4, 'Données de Simulation'!$G$2:$G$7201, 100, 'Données de Simulation'!$H$2:$H$7201, "ON", 'Données de Simulation'!$D$2:$D$7201, 2, 'Données de Simulation'!$F$2:$F$7201, 1.5)
A8: 8 Ailettes | B8: =AVERAGEIFS('Données de Simulation'!$T$2:$T$7201, 'Données de Simulation'!$A$2:$A$7201, -18, 'Données de Simulation'!$B$2:$B$7201, 35, 'Données de Simulation'!$C$2:$C$7201, B5, 'Données de Simulation'!$E$2:$E$7201, 8, 'Données de Simulation'!$G$2:$G$7201, 100, 'Données de Simulation'!$H$2:$H$7201, "ON", 'Données de Simulation'!$D$2:$D$7201, 2, 'Données de Simulation'!$F$2:$F$7201, 1.5) | C8: =AVERAGEIFS('Données de Simulation'!$T$2:$T$7201, 'Données de Simulation'!$A$2:$A$7201, -18, 'Données de Simulation'!$B$2:$B$7201, 35, 'Données de Simulation'!$C$2:$C$7201, C5, 'Données de Simulation'!$E$2:$E$7201, 8, 'Données de Simulation'!$G$2:$G$7201, 100, 'Données de Simulation'!$H$2:$H$7201, "ON", 'Données de Simulation'!$D$2:$D$7201, 2, 'Données de Simulation'!$F$2:$F$7201, 1.5) | D8: =AVERAGEIFS('Données de Simulation'!$T$2:$T$7201, 'Données de Simulation'!$A$2:$A$7201, -18, 'Données de Simulation'!$B$2:$B$7201, 35, 'Données de Simulation'!$C$2:$C$7201, D5, 'Données de Simulation'!$E$2:$E$7201, 8, 'Données de Simulation'!$G$2:$G$7201, 100, 'Données de Simulation'!$H$2:$H$7201, "ON", 'Données de Simulation'!$D$2:$D$7201, 2, 'Données de Simulation'!$F$2:$F$7201, 1.5) | E8: =AVERAGEIFS('Données de Simulation'!$T$2:$T$7201, 'Données de Simulation'!$A$2:$A$7201, -18, 'Données de Simulation'!$B$2:$B$7201, 35, 'Données de Simulation'!$C$2:$C$7201, E5, 'Données de Simulation'!$E$2:$E$7201, 8, 'Données de Simulation'!$G$2:$G$7201, 100, 'Données de Simulation'!$H$2:$H$7201, "ON", 'Données de Simulation'!$D$2:$D$7201, 2, 'Données de Simulation'!$F$2:$F$7201, 1.5) | F8: =AVERAGEIFS('Données de Simulation'!$T$2:$T$7201, 'Données de Simulation'!$A$2:$A$7201, -18, 'Données de Simulation'!$B$2:$B$7201, 35, 'Données de Simulation'!$C$2:$C$7201, F5, 'Données de Simulation'!$E$2:$E$7201, 8, 'Données de Simulation'!$G$2:$G$7201, 100, 'Données de Simulation'!$H$2:$H$7201, "ON", 'Données de Simulation'!$D$2:$D$7201, 2, 'Données de Simulation'!$F$2:$F$7201, 1.5) | G8: =AVERAGEIFS('Données de Simulation'!$T$2:$T$7201, 'Données de Simulation'!$A$2:$A$7201, -18, 'Données de Simulation'!$B$2:$B$7201, 35, 'Données de Simulation'!$C$2:$C$7201, G5, 'Données de Simulation'!$E$2:$E$7201, 8, 'Données de Simulation'!$G$2:$G$7201, 100, 'Données de Simulation'!$H$2:$H$7201, "ON", 'Données de Simulation'!$D$2:$D$7201, 2, 'Données de Simulation'!$F$2:$F$7201, 1.5) | H8: =AVERAGEIFS('Données de Simulation'!$T$2:$T$7201, 'Données de Simulation'!$A$2:$A$7201, -18, 'Données de Simulation'!$B$2:$B$7201, 35, 'Données de Simulation'!$C$2:$C$7201, H5, 'Données de Simulation'!$E$2:$E$7201, 8, 'Données de Simulation'!$G$2:$G$7201, 100, 'Données de Simulation'!$H$2:$H$7201, "ON", 'Données de Simulation'!$D$2:$D$7201, 2, 'Données de Simulation'!$F$2:$F$7201, 1.5) | I8: =AVERAGEIFS('Données de Simulation'!$T$2:$T$7201, 'Données de Simulation'!$A$2:$A$7201, -18, 'Données de Simulation'!$B$2:$B$7201, 35, 'Données de Simulation'!$C$2:$C$7201, I5, 'Données de Simulation'!$E$2:$E$7201, 8, 'Données de Simulation'!$G$2:$G$7201, 100, 'Données de Simulation'!$H$2:$H$7201, "ON", 'Données de Simulation'!$D$2:$D$7201, 2, 'Données de Simulation'!$F$2:$F$7201, 1.5) | J8: =AVERAGEIFS('Données de Simulation'!$T$2:$T$7201, 'Données de Simulation'!$A$2:$A$7201, -18, 'Données de Simulation'!$B$2:$B$7201, 35, 'Données de Simulation'!$C$2:$C$7201, J5, 'Données de Simulation'!$E$2:$E$7201, 8, 'Données de Simulation'!$G$2:$G$7201, 100, 'Données de Simulation'!$H$2:$H$7201, "ON", 'Données de Simulation'!$D$2:$D$7201, 2, 'Données de Simulation'!$F$2:$F$7201, 1.5)
A26: 2. IMPACT DU DIAMÈTRE ET DES AILETTES SUR L'EFFICACITÉ TOTALE (%)
A27: Nombre d'ailettes | B27: 80 | C27: 85 | D27: 90 | E27: 95 | F27: 100 | G27: 105 | H27: 110 | I27: 115 | J27: 120
A28: 0 Ailettes | B28: =AVERAGEIFS('Données de Simulation'!$W$2:$W$7201, 'Données de Simulation'!$A$2:$A$7201, -18, 'Données de Simulation'!$B$2:$B$7201, 35, 'Données de Simulation'!$C$2:$C$7201, B27, 'Données de Simulation'!$E$2:$E$7201, 0, 'Données de Simulation'!$G$2:$G$7201, 100, 'Données de Simulation'!$H$2:$H$7201, "ON", 'Données de Simulation'!$D$2:$D$7201, 2, 'Données de Simulation'!$F$2:$F$7201, 0.0) | C28: =AVERAGEIFS('Données de Simulation'!$W$2:$W$7201, 'Données de Simulation'!$A$2:$A$7201, -18, 'Données de Simulation'!$B$2:$B$7201, 35, 'Données de Simulation'!$C$2:$C$7201, C27, 'Données de Simulation'!$E$2:$E$7201, 0, 'Données de Simulation'!$G$2:$G$7201, 100, 'Données de Simulation'!$H$2:$H$7201, "ON", 'Données de Simulation'!$D$2:$D$7201, 2, 'Données de Simulation'!$F$2:$F$7201, 0.0) | D28: =AVERAGEIFS('Données de Simulation'!$W$2:$W$7201, 'Données de Simulation'!$A$2:$A$7201, -18, 'Données de Simulation'!$B$2:$B$7201, 35, 'Données de Simulation'!$C$2:$C$7201, D27, 'Données de Simulation'!$E$2:$E$7201, 0, 'Données de Simulation'!$G$2:$G$7201, 100, 'Données de Simulation'!$H$2:$H$7201, "ON", 'Données de Simulation'!$D$2:$D$7201, 2, 'Données de Simulation'!$F$2:$F$7201, 0.0) | E28: =AVERAGEIFS('Données de Simulation'!$W$2:$W$7201, 'Données de Simulation'!$A$2:$A$7201, -18, 'Données de Simulation'!$B$2:$B$7201, 35, 'Données de Simulation'!$C$2:$C$7201, E27, 'Données de Simulation'!$E$2:$E$7201, 0, 'Données de Simulation'!$G$2:$G$7201, 100, 'Données de Simulation'!$H$2:$H$7201, "ON", 'Données de Simulation'!$D$2:$D$7201, 2, 'Données de Simulation'!$F$2:$F$7201, 0.0) | F28: =AVERAGEIFS('Données de Simulation'!$W$2:$W$7201, 'Données de Simulation'!$A$2:$A$7201, -18, 'Données de Simulation'!$B$2:$B$7201, 35, 'Données de Simulation'!$C$2:$C$7201, F27, 'Données de Simulation'!$E$2:$E$7201, 0, 'Données de Simulation'!$G$2:$G$7201, 100, 'Données de Simulation'!$H$2:$H$7201, "ON", 'Données de Simulation'!$D$2:$D$7201, 2, 'Données de Simulation'!$F$2:$F$7201, 0.0) | G28: =AVERAGEIFS('Données de Simulation'!$W$2:$W$7201, 'Données de Simulation'!$A$2:$A$7201, -18, 'Données de Simulation'!$B$2:$B$7201, 35, 'Données de Simulation'!$C$2:$C$7201, G27, 'Données de Simulation'!$E$2:$E$7201, 0, 'Données de Simulation'!$G$2:$G$7201, 100, 'Données de Simulation'!$H$2:$H$7201, "ON", 'Données de Simulation'!$D$2:$D$7201, 2, 'Données de Simulation'!$F$2:$F$7201, 0.0) | H28: =AVERAGEIFS('Données de Simulation'!$W$2:$W$7201, 'Données de Simulation'!$A$2:$A$7201, -18, 'Données de Simulation'!$B$2:$B$7201, 35, 'Données de Simulation'!$C$2:$C$7201, H27, 'Données de Simulation'!$E$2:$E$7201, 0, 'Données de Simulation'!$G$2:$G$7201, 100, 'Données de Simulation'!$H$2:$H$7201, "ON", 'Données de Simulation'!$D$2:$D$7201, 2, 'Données de Simulation'!$F$2:$F$7201, 0.0) | I28: =AVERAGEIFS('Données de Simulation'!$W$2:$W$7201, 'Données de Simulation'!$A$2:$A$7201, -18, 'Données de Simulation'!$B$2:$B$7201, 35, 'Données de Simulation'!$C$2:$C$7201, I27, 'Données de Simulation'!$E$2:$E$7201, 0, 'Données de Simulation'!$G$2:$G$7201, 100, 'Données de Simulation'!$H$2:$H$7201, "ON", 'Données de Simulation'!$D$2:$D$7201, 2, 'Données de Simulation'!$F$2:$F$7201, 0.0) | J28: =AVERAGEIFS('Données de Simulation'!$W$2:$W$7201, 'Données de Simulation'!$A$2:$A$7201, -18, 'Données de Simulation'!$B$2:$B$7201, 35, 'Données de Simulation'!$C$2:$C$7201, J27, 'Données de Simulation'!$E$2:$E$7201, 0, 'Données de Simulation'!$G$2:$G$7201, 100, 'Données de Simulation'!$H$2:$H$7201, "ON", 'Données de Simulation'!$D$2:$D$7201, 2, 'Données de Simulation'!$F$2:$F$7201, 0.0)
A29: 4 Ailettes | B29: =AVERAGEIFS('Données de Simulation'!$W$2:$W$7201, 'Données de Simulation'!$A$2:$A$7201, -18, 'Données de Simulation'!$B$2:$B$7201, 35, 'Données de Simulation'!$C$2:$C$7201, B27, 'Données de Simulation'!$E$2:$E$7201, 4, 'Données de Simulation'!$G$2:$G$7201, 100, 'Données de Simulation'!$H$2:$H$7201, "ON", 'Données de Simulation'!$D$2:$D$7201, 2, 'Données de Simulation'!$F$2:$F$7201, 1.5) | C29: =AVERAGEIFS('Données de Simulation'!$W$2:$W$7201, 'Données de Simulation'!$A$2:$A$7201, -18, 'Données de Simulation'!$B$2:$B$7201, 35, 'Données de Simulation'!$C$2:$C$7201, C27, 'Données de Simulation'!$E$2:$E$7201, 4, 'Données de Simulation'!$G$2:$G$7201, 100, 'Données de Simulation'!$H$2:$H$7201, "ON", 'Données de Simulation'!$D$2:$D$7201, 2, 'Données de Simulation'!$F$2:$F$7201, 1.5) | D29: =AVERAGEIFS('Données de Simulation'!$W$2:$W$7201, 'Données de Simulation'!$A$2:$A$7201, -18, 'Données de Simulation'!$B$2:$B$7201, 35, 'Données de Simulation'!$C$2:$C$7201, D27, 'Données de Simulation'!$E$2:$E$7201, 4, 'Données de Simulation'!$G$2:$G$7201, 100, 'Données de Simulation'!$H$2:$H$7201, "ON", 'Données de Simulation'!$D$2:$D$7201, 2, 'Données de Simulation'!$F$2:$F$7201, 1.5) | E29: =AVERAGEIFS('Données de Simulation'!$W$2:$W$7201, 'Données de Simulation'!$A$2:$A$7201, -18, 'Données de Simulation'!$B$2:$B$7201, 35, 'Données de Simulation'!$C$2:$C$7201, E27, 'Données de Simulation'!$E$2:$E$7201, 4, 'Données de Simulation'!$G$2:$G$7201, 100, 'Données de Simulation'!$H$2:$H$7201, "ON", 'Données de Simulation'!$D$2:$D$7201, 2, 'Données de Simulation'!$F$2:$F$7201, 1.5) | F29: =AVERAGEIFS('Données de Simulation'!$W$2:$W$7201, 'Données de Simulation'!$A$2:$A$7201, -18, 'Données de Simulation'!$B$2:$B$7201, 35, 'Données de Simulation'!$C$2:$C$7201, F27, 'Données de Simulation'!$E$2:$E$7201, 4, 'Données de Simulation'!$G$2:$G$7201, 100, 'Données de Simulation'!$H$2:$H$7201, "ON", 'Données de Simulation'!$D$2:$D$7201, 2, 'Données de Simulation'!$F$2:$F$7201, 1.5) | G29: =AVERAGEIFS('Données de Simulation'!$W$2:$W$7201, 'Données de Simulation'!$A$2:$A$7201, -18, 'Données de Simulation'!$B$2:$B$7201, 35, 'Données de Simulation'!$C$2:$C$7201, G27, 'Données de Simulation'!$E$2:$E$7201, 4, 'Données de Simulation'!$G$2:$G$7201, 100, 'Données de Simulation'!$H$2:$H$7201, "ON", 'Données de Simulation'!$D$2:$D$7201, 2, 'Données de Simulation'!$F$2:$F$7201, 1.5) | H29: =AVERAGEIFS('Données de Simulation'!$W$2:$W$7201, 'Données de Simulation'!$A$2:$A$7201, -18, 'Données de Simulation'!$B$2:$B$7201, 35, 'Données de Simulation'!$C$2:$C$7201, H27, 'Données de Simulation'!$E$2:$E$7201, 4, 'Données de Simulation'!$G$2:$G$7201, 100, 'Données de Simulation'!$H$2:$H$7201, "ON", 'Données de Simulation'!$D$2:$D$7201, 2, 'Données de Simulation'!$F$2:$F$7201, 1.5) | I29: =AVERAGEIFS('Données de Simulation'!$W$2:$W$7201, 'Données de Simulation'!$A$2:$A$7201, -18, 'Données de Simulation'!$B$2:$B$7201, 35, 'Données de Simulation'!$C$2:$C$7201, I27, 'Données de Simulation'!$E$2:$E$7201, 4, 'Données de Simulation'!$G$2:$G$7201, 100, 'Données de Simulation'!$H$2:$H$7201, "ON", 'Données de Simulation'!$D$2:$D$7201, 2, 'Données de Simulation'!$F$2:$F$7201, 1.5) | J29: =AVERAGEIFS('Données de Simulation'!$W$2:$W$7201, 'Données de Simulation'!$A$2:$A$7201, -18, 'Données de Simulation'!$B$2:$B$7201, 35, 'Données de Simulation'!$C$2:$C$7201, J27, 'Données de Simulation'!$E$2:$E$7201, 4, 'Données de Simulation'!$G$2:$G$7201, 100, 'Données de Simulation'!$H$2:$H$7201, "ON", 'Données de Simulation'!$D$2:$D$7201, 2, 'Données de Simulation'!$F$2:$F$7201, 1.5)
A30: 8 Ailettes | B30: =AVERAGEIFS('Données de Simulation'!$W$2:$W$7201, 'Données de Simulation'!$A$2:$A$7201, -18, 'Données de Simulation'!$B$2:$B$7201, 35, 'Données de Simulation'!$C$2:$C$7201, B27, 'Données de Simulation'!$E$2:$E$7201, 8, 'Données de Simulation'!$G$2:$G$7201, 100, 'Données de Simulation'!$H$2:$H$7201, "ON", 'Données de Simulation'!$D$2:$D$7201, 2, 'Données de Simulation'!$F$2:$F$7201, 1.5) | C30: =AVERAGEIFS('Données de Simulation'!$W$2:$W$7201, 'Données de Simulation'!$A$2:$A$7201, -18, 'Données de Simulation'!$B$2:$B$7201, 35, 'Données de Simulation'!$C$2:$C$7201, C27, 'Données de Simulation'!$E$2:$E$7201, 8, 'Données de Simulation'!$G$2:$G$7201, 100, 'Données de Simulation'!$H$2:$H$7201, "ON", 'Données de Simulation'!$D$2:$D$7201, 2, 'Données de Simulation'!$F$2:$F$7201, 1.5) | D30: =AVERAGEIFS('Données de Simulation'!$W$2:$W$7201, 'Données de Simulation'!$A$2:$A$7201, -18, 'Données de Simulation'!$B$2:$B$7201, 35, 'Données de Simulation'!$C$2:$C$7201, D27, 'Données de Simulation'!$E$2:$E$7201, 8, 'Données de Simulation'!$G$2:$G$7201, 100, 'Données de Simulation'!$H$2:$H$7201, "ON", 'Données de Simulation'!$D$2:$D$7201, 2, 'Données de Simulation'!$F$2:$F$7201, 1.5) | E30: =AVERAGEIFS('Données de Simulation'!$W$2:$W$7201, 'Données de Simulation'!$A$2:$A$7201, -18, 'Données de Simulation'!$B$2:$B$7201, 35, 'Données de Simulation'!$C$2:$C$7201, E27, 'Données de Simulation'!$E$2:$E$7201, 8, 'Données de Simulation'!$G$2:$G$7201, 100, 'Données de Simulation'!$H$2:$H$7201, "ON", 'Données de Simulation'!$D$2:$D$7201, 2, 'Données de Simulation'!$F$2:$F$7201, 1.5) | F30: =AVERAGEIFS('Données de Simulation'!$W$2:$W$7201, 'Données de Simulation'!$A$2:$A$7201, -18, 'Données de Simulation'!$B$2:$B$7201, 35, 'Données de Simulation'!$C$2:$C$7201, F27, 'Données de Simulation'!$E$2:$E$7201, 8, 'Données de Simulation'!$G$2:$G$7201, 100, 'Données de Simulation'!$H$2:$H$7201, "ON", 'Données de Simulation'!$D$2:$D$7201, 2, 'Données de Simulation'!$F$2:$F$7201, 1.5) | G30: =AVERAGEIFS('Données de Simulation'!$W$2:$W$7201, 'Données de Simulation'!$A$2:$A$7201, -18, 'Données de Simulation'!$B$2:$B$7201, 35, 'Données de Simulation'!$C$2:$C$7201, G27, 'Données de Simulation'!$E$2:$E$7201, 8, 'Données de Simulation'!$G$2:$G$7201, 100, 'Données de Simulation'!$H$2:$H$7201, "ON", 'Données de Simulation'!$D$2:$D$7201, 2, 'Données de Simulation'!$F$2:$F$7201, 1.5) | H30: =AVERAGEIFS('Données de Simulation'!$W$2:$W$7201, 'Données de Simulation'!$A$2:$A$7201, -18, 'Données de Simulation'!$B$2:$B$7201, 35, 'Données de Simulation'!$C$2:$C$7201, H27, 'Données de Simulation'!$E$2:$E$7201, 8, 'Données de Simulation'!$G$2:$G$7201, 100, 'Données de Simulation'!$H$2:$H$7201, "ON", 'Données de Simulation'!$D$2:$D$7201, 2, 'Données de Simulation'!$F$2:$F$7201, 1.5) | I30: =AVERAGEIFS('Données de Simulation'!$W$2:$W$7201, 'Données de Simulation'!$A$2:$A$7201, -18, 'Données de Simulation'!$B$2:$B$7201, 35, 'Données de Simulation'!$C$2:$C$7201, I27, 'Données de Simulation'!$E$2:$E$7201, 8, 'Données de Simulation'!$G$2:$G$7201, 100, 'Données de Simulation'!$H$2:$H$7201, "ON", 'Données de Simulation'!$D$2:$D$7201, 2, 'Données de Simulation'!$F$2:$F$7201, 1.5) | J30: =AVERAGEIFS('Données de Simulation'!$W$2:$W$7201, 'Données de Simulation'!$A$2:$A$7201, -18, 'Données de Simulation'!$B$2:$B$7201, 35, 'Données de Simulation'!$C$2:$C$7201, J27, 'Données de Simulation'!$E$2:$E$7201, 8, 'Données de Simulation'!$G$2:$G$7201, 100, 'Données de Simulation'!$H$2:$H$7201, "ON", 'Données de Simulation'!$D$2:$D$7201, 2, 'Données de Simulation'!$F$2:$F$7201, 1.5)
A48: 3. IMPACT DE L'ÉPAISSEUR DE PEINTURE ÉPOXY SUR L'AUTONOMIE RÉELLE (heures)
A49: Diamètre de Cylindre | B49: 50 | C49: 100 | D49: 150 | E49: 200
A50: Cylindre 80 mm | B50: =AVERAGEIFS('Données de Simulation'!$T$2:$T$7201, 'Données de Simulation'!$A$2:$A$7201, -18, 'Données de Simulation'!$B$2:$B$7201, 35, 'Données de Simulation'!$C$2:$C$7201, 80, 'Données de Simulation'!$E$2:$E$7201, 4, 'Données de Simulation'!$G$2:$G$7201, B49, 'Données de Simulation'!$H$2:$H$7201, "ON", 'Données de Simulation'!$D$2:$D$7201, 2, 'Données de Simulation'!$F$2:$F$7201, 1.5) | C50: =AVERAGEIFS('Données de Simulation'!$T$2:$T$7201, 'Données de Simulation'!$A$2:$A$7201, -18, 'Données de Simulation'!$B$2:$B$7201, 35, 'Données de Simulation'!$C$2:$C$7201, 80, 'Données de Simulation'!$E$2:$E$7201, 4, 'Données de Simulation'!$G$2:$G$7201, C49, 'Données de Simulation'!$H$2:$H$7201, "ON", 'Données de Simulation'!$D$2:$D$7201, 2, 'Données de Simulation'!$F$2:$F$7201, 1.5) | D50: =AVERAGEIFS('Données de Simulation'!$T$2:$T$7201, 'Données de Simulation'!$A$2:$A$7201, -18, 'Données de Simulation'!$B$2:$B$7201, 35, 'Données de Simulation'!$C$2:$C$7201, 80, 'Données de Simulation'!$E$2:$E$7201, 4, 'Données de Simulation'!$G$2:$G$7201, D49, 'Données de Simulation'!$H$2:$H$7201, "ON", 'Données de Simulation'!$D$2:$D$7201, 2, 'Données de Simulation'!$F$2:$F$7201, 1.5) | E50: =AVERAGEIFS('Données de Simulation'!$T$2:$T$7201, 'Données de Simulation'!$A$2:$A$7201, -18, 'Données de Simulation'!$B$2:$B$7201, 35, 'Données de Simulation'!$C$2:$C$7201, 80, 'Données de Simulation'!$E$2:$E$7201, 4, 'Données de Simulation'!$G$2:$G$7201, E49, 'Données de Simulation'!$H$2:$H$7201, "ON", 'Données de Simulation'!$D$2:$D$7201, 2, 'Données de Simulation'!$F$2:$F$7201, 1.5)
A51: Cylindre 100 mm | B51: =AVERAGEIFS('Données de Simulation'!$T$2:$T$7201, 'Données de Simulation'!$A$2:$A$7201, -18, 'Données de Simulation'!$B$2:$B$7201, 35, 'Données de Simulation'!$C$2:$C$7201, 100, 'Données de Simulation'!$E$2:$E$7201, 4, 'Données de Simulation'!$G$2:$G$7201, B49, 'Données de Simulation'!$H$2:$H$7201, "ON", 'Données de Simulation'!$D$2:$D$7201, 2, 'Données de Simulation'!$F$2:$F$7201, 1.5) | C51: =AVERAGEIFS('Données de Simulation'!$T$2:$T$7201, 'Données de Simulation'!$A$2:$A$7201, -18, 'Données de Simulation'!$B$2:$B$7201, 35, 'Données de Simulation'!$C$2:$C$7201, 100, 'Données de Simulation'!$E$2:$E$7201, 4, 'Données de Simulation'!$G$2:$G$7201, C49, 'Données de Simulation'!$H$2:$H$7201, "ON", 'Données de Simulation'!$D$2:$D$7201, 2, 'Données de Simulation'!$F$2:$F$7201, 1.5) | D51: =AVERAGEIFS('Données de Simulation'!$T$2:$T$7201, 'Données de Simulation'!$A$2:$A$7201, -18, 'Données de Simulation'!$B$2:$B$7201, 35, 'Données de Simulation'!$C$2:$C$7201, 100, 'Données de Simulation'!$E$2:$E$7201, 4, 'Données de Simulation'!$G$2:$G$7201, D49, 'Données de Simulation'!$H$2:$H$7201, "ON", 'Données de Simulation'!$D$2:$D$7201, 2, 'Données de Simulation'!$F$2:$F$7201, 1.5) | E51: =AVERAGEIFS('Données de Simulation'!$T$2:$T$7201, 'Données de Simulation'!$A$2:$A$7201, -18, 'Données de Simulation'!$B$2:$B$7201, 35, 'Données de Simulation'!$C$2:$C$7201, 100, 'Données de Simulation'!$E$2:$E$7201, 4, 'Données de Simulation'!$G$2:$G$7201, E49, 'Données de Simulation'!$H$2:$H$7201, "ON", 'Données de Simulation'!$D$2:$D$7201, 2, 'Données de Simulation'!$F$2:$F$7201, 1.5)
A52: Cylindre 120 mm | B52: =AVERAGEIFS('Données de Simulation'!$T$2:$T$7201, 'Données de Simulation'!$A$2:$A$7201, -18, 'Données de Simulation'!$B$2:$B$7201, 35, 'Données de Simulation'!$C$2:$C$7201, 120, 'Données de Simulation'!$E$2:$E$7201, 4, 'Données de Simulation'!$G$2:$G$7201, B49, 'Données de Simulation'!$H$2:$H$7201, "ON", 'Données de Simulation'!$D$2:$D$7201, 2, 'Données de Simulation'!$F$2:$F$7201, 1.5) | C52: =AVERAGEIFS('Données de Simulation'!$T$2:$T$7201, 'Données de Simulation'!$A$2:$A$7201, -18, 'Données de Simulation'!$B$2:$B$7201, 35, 'Données de Simulation'!$C$2:$C$7201, 120, 'Données de Simulation'!$E$2:$E$7201, 4, 'Données de Simulation'!$G$2:$G$7201, C49, 'Données de Simulation'!$H$2:$H$7201, "ON", 'Données de Simulation'!$D$2:$D$7201, 2, 'Données de Simulation'!$F$2:$F$7201, 1.5) | D52: =AVERAGEIFS('Données de Simulation'!$T$2:$T$7201, 'Données de Simulation'!$A$2:$A$7201, -18, 'Données de Simulation'!$B$2:$B$7201, 35, 'Données de Simulation'!$C$2:$C$7201, 120, 'Données de Simulation'!$E$2:$E$7201, 4, 'Données de Simulation'!$G$2:$G$7201, D49, 'Données de Simulation'!$H$2:$H$7201, "ON", 'Données de Simulation'!$D$2:$D$7201, 2, 'Données de Simulation'!$F$2:$F$7201, 1.5) | E52: =AVERAGEIFS('Données de Simulation'!$T$2:$T$7201, 'Données de Simulation'!$A$2:$A$7201, -18, 'Données de Simulation'!$B$2:$B$7201, 35, 'Données de Simulation'!$C$2:$C$7201, 120, 'Données de Simulation'!$E$2:$E$7201, 4, 'Données de Simulation'!$G$2:$G$7201, E49, 'Données de Simulation'!$H$2:$H$7201, "ON", 'Données de Simulation'!$D$2:$D$7201, 2, 'Données de Simulation'!$F$2:$F$7201, 1.5)

Sheet Données de Simulation
A1: Temp. Cible (°C) | B1: Temp. Extérieure (°C) | C1: Diamètre Cylindre (mm) | D1: Épaisseur Paroi Al (mm) | E1: Nombre d'Ailettes | F1: Épaisseur Ailettes (mm) | G1: Épaisseur Époxy (µm) | H1: Ventilation | I1: Pertes Parois (W) | J1: Infiltration Porte (W) | K1: Refroidissement Produit (W) | L1: Charges Internes (W) | M1: Charge Thermique Totale (W) | N1: Masse MCP Requise (kg) | O1: Masse Aluminium (kg) | P1: Résistance Linéaire (K.m/W) | Q1: Lambda Eff. MCP (W/m.K) | R1: UA Batterie (W/K) | S1: Puissance Batterie Max (W) | T1: Temps d'Autonomie (h) | U1: Efficacité Thermique (%) | V1: Efficacité Gravimétrique (%) | W1: Efficacité Totale (%) | X1: Score d'Optimisation (h/kg) | Y1: Statut Optimalité
A2: 4 | B2: 25 | C2: 80 | D2: 2 | E2: 0 | F2: 0 | G2: 50 | H2: ON | I2: 580.11833 | J2: 1533.5688 | K2: 1407.4074 | L2: 150 | M2: =I2+J2+K2+L2 | N2: =M2*'Dashboard & Optimisation'!$B$18/('Dashboard & Optimisation'!$B$16/3.6) | O2: 201.56624 | P2: 0.50038317 | Q2: 0.2 | R2: 304.42258 | S2: =R2*IF(A2=4, 2.0, 3.0) | T2: ='Dashboard & Optimisation'!$B$18*U2 | U2: =MIN(1, S2/M2) | V2: =N2/(N2+O2) | W2: =U2*V2 | X2: =T2/N2 | Y2: =IF(W2=MAXIFS(W$2:W$7201, A$2:A$7201, A2, B$2:B$7201, B2), "OPTIMAL", "")
A3: 4 | B3: 25 | C3: 80 | D3: 2 | E3: 0 | F3: 0 | G3: 50 | H3: OFF | I3: 580.11833 | J3: 1533.5688 | K3: 1407.4074 | L3: 150 | M3: =I3+J3+K3+L3 | N3: =M3*'Dashboard & Optimisation'!$B$18/('Dashboard & Optimisation'!$B$16/3.6) | O3: 201.56624 | P3: 0.89827053 | Q3: 0.2 | R3: 169.57913 | S3: =R3*IF(A3=4, 2.0, 3.0) | T3: ='Dashboard & Optimisation'!$B$18*U3 | U3: =MIN(1, S3/M3) | V3: =N3/(N3+O3) | W3: =U3*V3 | X3: =T3/N3 | Y3: =IF(W3=MAXIFS(W$2:W$7201, A$2:A$7201, A3, B$2:B$7201, B3), "OPTIMAL", "")
A4: 4 | B4: 25 | C4: 80 | D4: 2 | E4: 0 | F4: 0 | G4: 100 | H4: ON | I4: 580.11833 | J4: 1533.5688 | K4: 1407.4074 | L4: 150 | M4: =I4+J4+K4+L4 | N4: =M4*'Dashboard & Optimisation'!$B$18/('Dashboard & Optimisation'!$B$16/3.6) | O4: 201.56624 | P4: 0.50137789 | Q4: 0.2 | R4: 303.81861 | S4: =R4*IF(A4=4, 2.0, 3.0) | T4: ='Dashboard & Optimisation'!$B$18*U4 | U4: =MIN(1, S4/M4) | V4: =N4/(N4+O4) | W4: =U4*V4 | X4: =T4/N4 | Y4: =IF(W4=MAXIFS(W$2:W$7201, A$2:A$7201, A4, B$2:B$7201, B4), "OPTIMAL", "")
A5: 4 | B5: 25 | C5: 80 | D5: 2 | E5: 0 | F5: 0 | G5: 100 | H5: OFF | I5: 580.11833 | J5: 1533.5688 | K5: 1407.4074 | L5: 150 | M5: =I5+J5+K5+L5 | N5: =M5*'Dashboard & Optimisation'!$B$18/('Dashboard & Optimisation'!$B$16/3.6) | O5: 201.56624 | P5: 0.89926525 | Q5: 0.2 | R5: 169.39155 | S5: =R5*IF(A5=4, 2.0, 3.0) | T5: ='Dashboard & Optimisation'!$B$18*U5 | U5: =MIN(1, S5/M5) | V5: =N5/(N5+O5) | W5: =U5*V5 | X5: =T5/N5 | Y5: =IF(W5=MAXIFS(W$2:W$7201, A$2:A$7201, A5, B$2:B$7201, B5), "OPTIMAL", "")
A6: 4 | B6: 25 | C6: 80 | D6: 2 | E6: 0 | F6: 0 | G6: 150 | H6: ON | I6: 580.11833 | J6: 1533.5688 | K6: 1407.4074 | L6: 150 | M6: =I6+J6+K6+L6 | N6: =M6*'Dashboard & Optimisation'!$B$18/('Dashboard & Optimisation'!$B$16/3.6) | O6: 201.56624 | P6: 0.50237261 | Q6: 0.2 | R6: 303.21704 | S6: =R6*IF(A6=4, 2.0, 3.0) | T6: ='Dashboard & Optimisation'!$B$18*U6 | U6: =MIN(1, S6/M6) | V6: =N6/(N6+O6) | W6: =U6*V6 | X6: =T6/N6 | Y6: =IF(W6=MAXIFS(W$2:W$7201, A$2:A$7201, A6, B$2:B$7201, B6), "OPTIMAL", "")
A7: 4 | B7: 25 | C7: 80 | D7: 2 | E7: 0 | F7: 0 | G7: 150 | H7: OFF | I7: 580.11833 | J7: 1533.5688 | K7: 1407.4074 | L7: 150 | M7: =I7+J7+K7+L7 | N7: =M7*'Dashboard & Optimisation'!$B$18/('Dashboard & Optimisation'!$B$16/3.6) | O7: 201.56624 | P7: 0.90025997 | Q7: 0.2 | R7: 169.20439 | S7: =R7*IF(A7=4, 2.0, 3.0) | T7: ='Dashboard & Optimisation'!$B$18*U7 | U7: =MIN(1, S7/M7) | V7: =N7/(N7+O7) | W7: =U7*V7 | X7: =T7/N7 | Y7: =IF(W7=MAXIFS(W$2:W$7201, A$2:A$7201, A7, B$2:B$7201, B7), "OPTIMAL", "")
A8: 4 | B8: 25 | C8: 80 | D8: 2 | E8: 0 | F8: 0 | G8: 200 | H8: ON | I8: 580.11833 | J8: 1533.5688 | K8: 1407.4074 | L8: 150 | M8: =I8+J8+K8+L8 | N8: =M8*'Dashboard & Optimisation'!$B$18/('Dashboard & Optimisation'!$B$16/3.6) | O8: 201.56624 | P8: 0.50336733 | Q8: 0.2 | R8: 302.61784 | S8: =R8*IF(A8=4, 2.0, 3.0) | T8: ='Dashboard & Optimisation'!$B$18*U8 | U8: =MIN(1, S8/M8) | V8: =N8/(N8+O8) | W8: =U8*V8 | X8: =T8/N8 | Y8: =IF(W8=MAXIFS(W$2:W$7201, A$2:A$7201, A8, B$2:B$7201, B8), "OPTIMAL", "")
A9: 4 | B9: 25 | C9: 80 | D9: 2 | E9: 0 | F9: 0 | G9: 200 | H9: OFF | I9: 580.11833 | J9: 1533.5688 | K9: 1407.4074 | L9: 150 | M9: =I9+J9+K9+L9 | N9: =M9*'Dashboard & Optimisation'!$B$18/('Dashboard & Optimisation'!$B$16/3.6) | O9: 201.56624 | P9: 0.90125469 | Q9: 0.2 | R9: 169.01764 | S9: =R9*IF(A9=4, 2.0, 3.0) | T9: ='Dashboard & Optimisation'!$B$18*U9 | U9: =MIN(1, S9/M9) | V9: =N9/(N9+O9) | W9: =U9*V9 | X9: =T9/N9 | Y9: =IF(W9=MAXIFS(W$2:W$7201, A$2:A$7201, A9, B$2:B$7201, B9), "OPTIMAL", "")
A10: 4 | B10: 25 | C10: 80 | D10: 2 | E10: 4 | F10: 1.5 | G10: 50 | H10: ON | I10: 580.11833 | J10: 1533.5688 | K10: 1407.4074 | L10: 150 | M10: =I10+J10+K10+L10 | N10: =M10*'Dashboard & Optimisation'!$B$18/('Dashboard & Optimisation'!$B$16/3.6) | O10: 326.73772 | P10: 0.081321755 | Q10: 8.4345092 | R10: 1951.6211 | S10: =R10*IF(A10=4, 2.0, 3.0) | T10: ='Dashboard & Optimisation'!$B$18*U10 | U10: =MIN(1, S10/M10) | V10: =N10/(N10+O10) | W10: =U10*V10 | X10: =T10/N10 | Y10: =IF(W10=MAXIFS(W$2:W$7201, A$2:A$7201, A10, B$2:B$7201, B10), "OPTIMAL", "")
A11: 4 | B11: 25 | C11: 80 | D11: 2 | E11: 4 | F11: 1.5 | G11: 50 | H11: OFF | I11: 580.11833 | J11: 1533.5688 | K11: 1407.4074 | L11: 150 | M11: =I11+J11+K11+L11 | N11: =M11*'Dashboard & Optimisation'!$B$18/('Dashboard & Optimisation'!$B$16/3.6) | O11: 326.73772 | P11: 0.35505466 | Q11: 8.4345092 | R11: 446.99948 | S11: =R11*IF(A11=4, 2.0, 3.0) | T11: ='Dashboard & Optimisation'!$B$18*U11 | U11: =MIN(1, S11/M11) | V11: =N11/(N11+O11) | W11: =U11*V11 | X11: =T11/N11 | Y11: =IF(W11=MAXIFS(W$2:W$7201, A$2:A$7201, A11, B$2:B$7201, B11), "OPTIMAL", "")
A12: 4 | B12: 25 | C12: 80 | D12: 2 | E12: 4 | F12: 1.5 | G12: 100 | H12: ON | I12: 580.11833 | J12: 1533.5688 | K12: 1407.4074 | L12: 150 | M12: =I12+J12+K12+L12 | N12: =M12*'Dashboard & Optimisation'!$B$18/('Dashboard & Optimisation'!$B$16/3.6) | O12: 326.73772 | P12: 0.082316473 | Q12: 8.4345092 | R12: 1928.0375 | S12: =R12*IF(A12=4, 2.0, 3.0) | T12: ='Dashboard & Optimisation'!$B$18*U12 | U12: =MIN(1, S12/M12) | V12: =N12/(N12+O12) | W12: =U12*V12 | X12: =T12/N12 | Y12: =IF(W12=MAXIFS(W$2:W$7201, A$2:A$7201, A12, B$2:B$7201, B12), "OPTIMAL", "")
A13: 4 | B13: 25 | C13: 80 | D13: 2 | E13: 4 | F13: 1.5 | G13: 100 | H13: OFF | I13: 580.11833 | J13: 1533.5688 | K13: 1407.4074 | L13: 150 | M13: =I13+J13+K13+L13 | N13: =M13*'Dashboard & Optimisation'!$B$18/('Dashboard & Optimisation'!$B$16/3.6) | O13: 326.73772 | P13: 0.35604938 | Q13: 8.4345092 | R13: 445.75067 | S13: =R13*IF(A13=4, 2.0, 3.0) | T13: ='Dashboard & Optimisation'!$B$18*U13 | U13: =MIN(1, S13/M13) | V13: =N13/(N13+O13) | W13: =U13*V13 | X13: =T13/N13 | Y13: =IF(W13=MAXIFS(W$2:W$7201, A$2:A$7201, A13, B$2:B$7201, B13), "OPTIMAL", "")
... A7201: -18 | B7201: 45 | C7201: 120 | D7201: 3 | E7201: 8 | F7201: 2 | G7201: 200 | H7201: OFF | I7201: 885.27228 | J7201: 10520.731 | K7201: 5101.8519 | L7201: 150 | M7201: =I7201+J7201+K7201+L7201 | N7201: =M7201*'Dashboard & Optimisation'!$B$18/('Dashboard & Optimisation'!$B$16/3.6) | O7201: 1851.1667 | P7201: 0.21761367 | Q7201: 14.839128 | R7201: 1520.3486 | S7201: =R7201*IF(A7201=4, 2.0, 3.0) | T7201: ='Dashboard & Optimisation'!$B$18*U7201 | U7201: =MIN(1, S7201/M7201) | V7201: =N7201/(N7201+O7201) | W7201: =U7201*V7201 | X7201: =T7201/N7201 | Y7201: =IF(W7201=MAXIFS(W$2:W$7201, A$2:A$7201, A7201, B$2:B$7201, B7201), "OPTIMAL", "")
